user_id,typing_speed,avg_key_delay,click_rate,session_duration,label
1,146.95695146121673,0.34253735840320587,0.19994143055947855,20.005858659744263,0
1,65.97968841226627,0.4301044259752546,0.3498922870347454,20.00615692138672,0
1,176.87236298926405,0.2902901378171197,0.14989183304174922,20.014432668685913,0
1,287.9053804465112,0.19969698002463893,0.0,20.00657296180725,0
1,206.9384533468181,0.22483526257907643,0.04998513365865171,20.005948305130005,0
1,0.0,0,0.29996956537996594,20.002029180526733,0
1,296.9117540853875,0.18233251085086744,0.0,20.00594425201416,0
1,38.98820027794056,0.17973091204961142,0.3998789772096467,20.00605297088623,0
1,293.91204650278854,0.18853823917428242,0.0,20.005985021591187,0
